{
  "category": "\u6c34\u751f\u6839\u830e\u7c7b",
  "std": 2.597591166968208,
  "mean": 7.826930884729605,
  "r": 0.1197473684,
  "intercept": 6.138105252722562,
  "slope": -1.2647827234103328,
  "sale": 21.52225517520475,
  "pred": [
    12.208920809780855,
    12.14262448523175,
    12.08039457637457,
    12.0202935593756,
    11.96283732279277,
    11.906669878633776,
    11.852812475676561
  ],
  "Smax": 124.24000001982473,
  "R2": 0.9987019788079516,
  "MAPE": 35.124694758704386,
  "RMSE": 0.024775051075266154
}