{
  "category": "\u82b1\u53f6\u7c7b",
  "std": 1.3138081322893966,
  "mean": 4.456522989231898,
  "r": 0.102803,
  "intercept": 5.799259592204069,
  "slope": -0.38933542867895515,
  "sale": 170.2542953226003,
  "pred": [
    3.4777464178265536,
    3.50781013005839,
    3.5387278026661675,
    3.5646442667081937,
    3.589485938805259,
    3.613467150873819,
    3.6375429602953493
  ],
  "Smax": 367.5230000997666,
  "R2": 0.984554274585976,
  "MAPE": 10.147350958943537,
  "RMSE": 0.10230440841374012
}