{"category": "\u82b1\u83dc\u7c7b", "std": 1.679241711519308, "mean": 5.7385410937974335, "r": 0.14142, "intercept": 4.827721490616854, "slope": -0.6124156018403752, "sale": 35.08487162140821, "pred": [7.874589723784094, 7.914450206963323, 7.960344151854578, 8.008930534039354, 8.060014176836525, 8.111125244459657, 8.16237804038047], "Smax": 114.06599997290427, "R2": 0.998136160504026, "MAPE": 3.709450650592888, "RMSE": 0.02934301927646261}