{
  "category": "\u8304\u7c7b",
  "std": 1.836055666732424,
  "mean": 5.736868654440367,
  "r": 0.07122,
  "intercept": 3.7288902998266065,
  "slope": -0.35632127416460996,
  "sale": 19.7273233667864,
  "pred": [
    4.42123860260321,
    4.456236916646038,
    4.492166324477762,
    4.528074720319891,
    4.563519976891381,
    4.599232917455305,
    4.634474839252492
  ],
  "Smax": 54.803000001036274,
  "R2": 0.9992465780932623,
  "MAPE": 2.4279711198771348,
  "RMSE": 0.018865805748988808
}