{"category": "\u8fa3\u6912\u7c7b", "std": 3.5260585713828014, "mean": 7.7751368559981655, "r": 0.08515333333, "intercept": 4.900249069822329, "slope": -0.22788849975870207, "sale": 80.1694074561012, "pred": [5.729157465571879, 5.7888766997369085, 5.813119537770968, 5.851874997951105, 5.887262072057918, 5.92177421066693, 5.95339504789635], "Smax": 505.8880000436189, "R2": 0.9905078410334818, "MAPE": 18.870253876879982, "RMSE": 0.020640282335570876}