{"category": "\u98df\u7528\u83cc", "std": 1.221763161415913, "mean": 6.080971840769936, "r": 0.08130972222, "intercept": 5.038313763221466, "slope": -0.43674644782861216, "sale": 57.19477213229396, "pred": [4.466442331616852, 4.436125197428337, 4.40844235373242, 4.380842819273068, 4.3525130181841, 4.3248428456482895, 4.296609607538067], "Smax": 169.38199996726615, "R2": 0.9989581572659334, "MAPE": 28.11098069311819, "RMSE": 0.01588489704849103}