{"category": "\u6c34\u751f\u6839\u830e\u7c7b", "std": 2.597591166968208, "mean": 7.826930884729605, "r": 0.1197473684, "intercept": 6.138105252722562, "slope": -1.2647827234103328, "sale": 21.52225517520475, "pred": [9.510566182478838, 9.305008003572256, 9.000923461196189, 8.88031629813202, 8.386789094681532, 8.2725833230591], "Smax": 124.24000001982473, "R2": 0.6123265685038162, "MAPE": 14.400004687358509, "RMSE": 1.0545590537683736}