{"category": "\u82b1\u53f6\u7c7b", "std": 1.3138081322893966, "mean": 4.456522989231898, "r": 0.102803, "intercept": 5.799259592204069, "slope": -0.38933542867895515, "sale": 170.2542953226003, "pred": [4.412355513363095, 4.42003382759705, 4.495817108943735, 4.532694378445305, 4.502572381731724, 4.502010177562095], "Smax": 367.5230000997666, "R2": 0.4550573750291277, "MAPE": 17.142113353874787, "RMSE": 0.8244428436293048}