{"category": "\u82b1\u83dc\u7c7b", "std": 1.679241711519308, "mean": 5.7385410937974335, "r": 0.14142, "intercept": 4.827721490616854, "slope": -0.6124156018403752, "sale": 35.08487162140821, "pred": [8.916917728904764, 9.003500389379791, 8.95794574019909, 9.019507571723484, 9.10363525062674, 9.156423253873074], "Smax": 114.06599997290427, "R2": 0.4348849313222106, "MAPE": 18.648396505063364, "RMSE": 0.9612062950887358}