{"category": "\u8304\u7c7b", "std": 1.836055666732424, "mean": 5.736868654440367, "r": 0.07122, "intercept": 3.7288902998266065, "slope": -0.35632127416460996, "sale": 19.7273233667864, "pred": [3.4841278333925345, 3.415357954836585, 3.309714488445796, 3.3439480994007855, 3.315620028688395, 3.2891999169534287], "Smax": 54.803000001036274, "R2": 0.7297262609847556, "MAPE": 14.141502297639624, "RMSE": 0.8677565373269635}