{
  "category": "\u8fa3\u6912\u7c7b",
  "std": 3.5260585713828014,
  "mean": 7.7751368559981655,
  "r": 0.08515333333,
  "intercept": 4.900249069822329,
  "slope": -0.22788849975870207,
  "sale": 80.1694074561012,
  "pred": [
    6.700559181732566,
    6.66548621152141,
    6.623282135798618,
    6.784097018197269,
    6.819266796469724,
    6.939921397439264
  ],
  "Smax": 505.8880000436189,
  "R2": 0.8424063467517539,
  "MAPE": 16.44219104792144,
  "RMSE": 1.0324509776777813
}