{"category": "\u98df\u7528\u83cc", "std": 1.221763161415913, "mean": 6.080971840769936, "r": 0.08130972222, "intercept": 5.038313763221466, "slope": -0.43674644782861216, "sale": 57.19477213229396, "pred": [5.585850290173479, 5.7428022705535335, 5.805587057612391, 5.7414560027702235, 5.781214430325266, 5.814038598732214], "Smax": 169.38199996726615, "R2": 0.4583549484706121, "MAPE": 10.34558892171133, "RMSE": 0.7815209549965907}